instance,ea,vns,gsr
LGF-Berlin-100-80000-1-ea-bitVector-high,0.944829055642472,1,0.993715279648967
LGF-Berlin-100-80000-1-ea-bitVector-low,0.881019762490043,1,0.930275457068468
LGF-Berlin-100-80000-1-greedy-bitVector-high,0.934315257969026,1,0.954199348225475
LGF-Berlin-100-80000-1-greedy-bitVector-low,0.893198329237796,1,0.920077496091594
LGF-Berlin-100-80000-1-gsr-bitVector-high,0.937816876206925,1,0.856838587168371
LGF-Berlin-100-80000-1-gsr-bitVector-low,0.906350681350267,1,0.809517969056925
LGF-Berlin-100-80000-1-random1-bitVector-high,0.950976139334245,1,0.886213976176203
LGF-Berlin-100-80000-1-random1-bitVector-low,0.912970356161311,1,0.832246692059481
LGF-Berlin-100-80000-1-random2-bitVector-high,0.949654217870865,1,0.888077846671299
LGF-Berlin-100-80000-1-random2-bitVector-low,0.891037946964371,1,0.891802645019745
LGF-Berlin-100-80000-2-ea-bitVector-high,0.959252496023422,1,0.954240401743533
LGF-Berlin-100-80000-2-ea-bitVector-low,0.98850084476845,1,0.985132740449405
LGF-Berlin-100-80000-2-greedy-bitVector-high,0.95330472809343,1,0.883072290813965
LGF-Berlin-100-80000-2-greedy-bitVector-low,0.91962177552782,1,0.915856151171268
LGF-Berlin-100-80000-2-gsr-bitVector-high,0.927745270395537,1,0.775616992681647
LGF-Berlin-100-80000-2-gsr-bitVector-low,0.929489728084645,1,0.644551726572429
LGF-Berlin-100-80000-2-random1-bitVector-high,0.909949581203943,1,0.837197030153128
LGF-Berlin-100-80000-2-random1-bitVector-low,0.932537265640135,1,0.881538307500841
LGF-Berlin-100-80000-2-random2-bitVector-high,0.908331578639627,1,0.896620517283321
LGF-Berlin-100-80000-2-random2-bitVector-low,0.912457797876761,1,0.91633720263763
LGF-Berlin-100-80000-3-ea-bitVector-high,0.988380547190645,1,0.974939120138753
LGF-Berlin-100-80000-3-ea-bitVector-low,0.95683794559808,1,0.989398798061377
LGF-Berlin-100-80000-3-greedy-bitVector-high,0.889259908220778,1,0.962266126138439
LGF-Berlin-100-80000-3-greedy-bitVector-low,0.90077592215856,1,0.944704203693658
LGF-Berlin-100-80000-3-gsr-bitVector-high,0.984614336132572,1,0.987150081919573
LGF-Berlin-100-80000-3-gsr-bitVector-low,0.991453128158282,0.999709848856764,1
LGF-Berlin-100-80000-3-random1-bitVector-high,0.889815551607946,1,0.918144592847058
LGF-Berlin-100-80000-3-random1-bitVector-low,0.881274577318727,1,0.893004461925448
LGF-Berlin-100-80000-3-random2-bitVector-high,0.886830071664129,1,0.928484159438776
LGF-Berlin-100-80000-3-random2-bitVector-low,0.89892223627437,1,0.910825908392368
LGF-Berlin-150-80000-1-ea-bitVector-high,0.930250938706934,1,0.910673014770917
LGF-Berlin-150-80000-1-ea-bitVector-low,0.916803782997545,1,0.936327016584079
LGF-Berlin-150-80000-1-greedy-bitVector-high,0.929171249599552,1,0.925675140841207
LGF-Berlin-150-80000-1-greedy-bitVector-low,0.907173312990359,1,0.898724445999741
LGF-Berlin-150-80000-1-gsr-bitVector-high,0.927143774882304,1,0.890598896630322
LGF-Berlin-150-80000-1-gsr-bitVector-low,0.900785385454592,1,0.839883644030239
LGF-Berlin-150-80000-1-random1-bitVector-high,0.946802182282192,1,0.805793972497091
LGF-Berlin-150-80000-1-random1-bitVector-low,0.892465296681818,1,0.834604005538552
LGF-Berlin-150-80000-1-random2-bitVector-high,0.904898857483053,1,0.803041963742684
LGF-Berlin-150-80000-1-random2-bitVector-low,0.895699507638572,1,0.775090366093565
LGF-Berlin-150-80000-2-ea-bitVector-high,0.991240046085551,1,0.98067904354953
LGF-Berlin-150-80000-2-ea-bitVector-low,0.99304972880709,0.976774288930665,1
LGF-Berlin-150-80000-2-greedy-bitVector-high,0.943966080724942,1,0.959608876061363
LGF-Berlin-150-80000-2-greedy-bitVector-low,0.932174933055426,1,0.990276590371662
LGF-Berlin-150-80000-2-gsr-bitVector-high,0.961566163314794,1,0.924497602342863
LGF-Berlin-150-80000-2-gsr-bitVector-low,0.929229090793579,1,0.876232988003307
LGF-Berlin-150-80000-2-random1-bitVector-high,0.947707113936365,1,0.889954280909157
LGF-Berlin-150-80000-2-random1-bitVector-low,0.94046493606273,1,0.889218846887242
LGF-Berlin-150-80000-2-random2-bitVector-high,0.958680708348819,1,0.776573455533956
LGF-Berlin-150-80000-2-random2-bitVector-low,0.982937002645724,1,0.883594766593519
LGF-Berlin-150-80000-3-ea-bitVector-high,0.971424468610815,1,0.945240825649617
LGF-Berlin-150-80000-3-ea-bitVector-low,0.98358326540561,1,0.944979396495882
LGF-Berlin-150-80000-3-greedy-bitVector-high,0.973429605583958,1,0.868059062257535
LGF-Berlin-150-80000-3-greedy-bitVector-low,0.987694571991026,1,0.898539935536795
LGF-Berlin-150-80000-3-gsr-bitVector-high,0.986906624513907,1,0.989766521262131
LGF-Berlin-150-80000-3-gsr-bitVector-low,1,0.981453695337641,0.994525174783567
LGF-Berlin-150-80000-3-random1-bitVector-high,0.963897193476216,1,0.924327747724157
LGF-Berlin-150-80000-3-random1-bitVector-low,0.961421364236962,1,0.90176908500029
LGF-Berlin-150-80000-3-random2-bitVector-high,0.961809733817469,1,0.861978102321324
LGF-Berlin-150-80000-3-random2-bitVector-low,0.961456220978957,1,0.877847904271479
LGF-Berlin-50-80000-1-ea-bitVector-high,1,0.998119942043497,0.983349708002499
LGF-Berlin-50-80000-1-ea-bitVector-low,0.993047969568408,0.9988756792339,1
LGF-Berlin-50-80000-1-greedy-bitVector-high,1,0.999454807708544,0.997765421120045
LGF-Berlin-50-80000-1-greedy-bitVector-low,0.986713412095556,1,0.999048364522025
LGF-Berlin-50-80000-1-gsr-bitVector-high,0.997395013055248,1,0.995680471830467
LGF-Berlin-50-80000-1-gsr-bitVector-low,0.98193081764102,0.998877776455329,1
LGF-Berlin-50-80000-1-random1-bitVector-high,1,0.999535194785198,0.999027206118434
LGF-Berlin-50-80000-1-random1-bitVector-low,0.994437711706906,1,0.996062212215871
LGF-Berlin-50-80000-1-random2-bitVector-high,1,0.999777181060055,0.994123927193277
LGF-Berlin-50-80000-1-random2-bitVector-low,0.997202954992859,1,0.996959408660022
LGF-Berlin-50-80000-2-ea-bitVector-high,0.896314402290906,1,0.872219869209592
LGF-Berlin-50-80000-2-ea-bitVector-low,0.916573443591032,1,0.915923430257823
LGF-Berlin-50-80000-2-greedy-bitVector-high,0.903566569311459,1,0.991677614622254
LGF-Berlin-50-80000-2-greedy-bitVector-low,0.896706196455075,0.999915999297397,1
LGF-Berlin-50-80000-2-gsr-bitVector-high,0.996590790220265,1,0.995368347446341
LGF-Berlin-50-80000-2-gsr-bitVector-low,0.99998215336085,0.999636582786265,1
LGF-Berlin-50-80000-2-random1-bitVector-high,0.895773979035242,1,0.995360675489888
LGF-Berlin-50-80000-2-random1-bitVector-low,0.895802753636855,0.999621723992199,1
LGF-Berlin-50-80000-2-random2-bitVector-high,0.89309281659595,1,0.981233266860599
LGF-Berlin-50-80000-2-random2-bitVector-low,0.893075680469514,1,0.97150165178407
LGF-Berlin-50-80000-3-ea-bitVector-high,0.94195210771136,1,0.943354902252605
LGF-Berlin-50-80000-3-ea-bitVector-low,1,0.998843980657771,0.990013258429577
LGF-Berlin-50-80000-3-greedy-bitVector-high,0.927816891506327,1,0.931761965633759
LGF-Berlin-50-80000-3-greedy-bitVector-low,0.989731532668241,1,0.96609380417417
LGF-Berlin-50-80000-3-gsr-bitVector-high,0.93089715380706,1,0.932302868689578
LGF-Berlin-50-80000-3-gsr-bitVector-low,0.967206638113691,0.998544522132918,1
LGF-Berlin-50-80000-3-random1-bitVector-high,0.941510165133804,1,0.925753929018484
LGF-Berlin-50-80000-3-random1-bitVector-low,0.977556500088594,1,0.944819844980031
LGF-Berlin-50-80000-3-random2-bitVector-high,0.930467022597899,1,0.987008093290772
LGF-Berlin-50-80000-3-random2-bitVector-low,0.964881975418749,1,0.986482958894421
LGF-brazil58-gen4-45.oplib-11428-ea-bitVector-high,0.989733264784849,1,0.993134227432678
LGF-brazil58-gen4-45.oplib-11428-ea-bitVector-low,0.985506027387112,1,0.995946872675496
LGF-brazil58-gen4-45.oplib-11428-greedy-bitVector-high,0.984799037321928,1,0.971441665445671
LGF-brazil58-gen4-45.oplib-11428-greedy-bitVector-low,0.984547420294969,1,0.962122891471877
LGF-brazil58-gen4-45.oplib-11428-gsr-bitVector-high,0.991362233959,1,0.991374939146563
LGF-brazil58-gen4-45.oplib-11428-gsr-bitVector-low,0.995141309913046,1,0.995320566706928
LGF-brazil58-gen4-45.oplib-11428-random1-bitVector-high,0.979272703362285,1,0.957341808339017
LGF-brazil58-gen4-45.oplib-11428-random1-bitVector-low,0.974217313717851,1,0.967829246276932
LGF-brazil58-gen4-45.oplib-11428-random2-bitVector-high,0.976555178483357,1,0.956011656319384
LGF-brazil58-gen4-45.oplib-11428-random2-bitVector-low,0.972287781207875,1,0.947737667090864
LGF-gr120-gen4-85.oplib-5901-ea-bitVector-high,0.99077084615808,1,0.961414332172453
LGF-gr120-gen4-85.oplib-5901-ea-bitVector-low,0.99509800400716,1,0.963792567357517
LGF-gr120-gen4-85.oplib-5901-greedy-bitVector-high,0.993207823922971,1,0.95478222812187
LGF-gr120-gen4-85.oplib-5901-greedy-bitVector-low,0.99312371599626,1,0.953473664483821
LGF-gr120-gen4-85.oplib-5901-gsr-bitVector-high,0.999024558183662,1,0.973152661196123
LGF-gr120-gen4-85.oplib-5901-gsr-bitVector-low,0.998691670331646,1,0.974263031515944
LGF-gr120-gen4-85.oplib-5901-random1-bitVector-high,0.991833164520117,1,0.965034138868699
LGF-gr120-gen4-85.oplib-5901-random1-bitVector-low,0.988833454795227,1,0.96424619853713
LGF-gr120-gen4-85.oplib-5901-random2-bitVector-high,0.988474388721466,1,0.956648526833909
LGF-gr120-gen4-85.oplib-5901-random2-bitVector-low,0.986647200993422,1,0.955765191145337
LGF-gr48-gen4-80.oplib-4037-ea-bitVector-high,0.995047079097974,1,0.967303932258933
LGF-gr48-gen4-80.oplib-4037-ea-bitVector-low,0.996868136252295,1,0.970243926412564
LGF-gr48-gen4-80.oplib-4037-greedy-bitVector-high,0.996535730701957,1,0.976494950058314
LGF-gr48-gen4-80.oplib-4037-greedy-bitVector-low,0.994690938217915,1,0.976628780828212
LGF-gr48-gen4-80.oplib-4037-gsr-bitVector-high,0.997321368842846,1,0.946989845651978
LGF-gr48-gen4-80.oplib-4037-gsr-bitVector-low,0.996573402033746,1,0.944999184745862
LGF-gr48-gen4-80.oplib-4037-random1-bitVector-high,0.993196724533146,1,0.988215890919476
LGF-gr48-gen4-80.oplib-4037-random1-bitVector-low,0.996097023548534,1,0.990993193175464
LGF-gr48-gen4-80.oplib-4037-random2-bitVector-high,0.996208422778407,1,0.983528374103942
LGF-gr48-gen4-80.oplib-4037-random2-bitVector-low,0.99510185401014,1,0.98112007455594
LGF-hk48-gen4-80.oplib-9169-ea-bitVector-high,0.993560824808171,1,0.99466821208061
LGF-hk48-gen4-80.oplib-9169-ea-bitVector-low,0.99403382606529,1,0.990859001427452
LGF-hk48-gen4-80.oplib-9169-greedy-bitVector-high,0.996957497879438,1,0.977269463773234
LGF-hk48-gen4-80.oplib-9169-greedy-bitVector-low,0.994809248046432,1,0.97337358934234
LGF-hk48-gen4-80.oplib-9169-gsr-bitVector-high,0.999342974668456,1,0.990466854651053
LGF-hk48-gen4-80.oplib-9169-gsr-bitVector-low,1,0.999966319205265,0.99332945001756
LGF-hk48-gen4-80.oplib-9169-random1-bitVector-high,0.993389604300294,1,0.986771407384342
LGF-hk48-gen4-80.oplib-9169-random1-bitVector-low,0.992945403924491,1,0.988116865739408
LGF-hk48-gen4-80.oplib-9169-random2-bitVector-high,0.996249811061497,1,0.984652109914216
LGF-hk48-gen4-80.oplib-9169-random2-bitVector-low,0.993447943606701,1,0.985904120615178
LGF-Leipzig-100-80000-1-ea-bitVector-high,0.96868793270618,1,0.911479958581897
LGF-Leipzig-100-80000-1-ea-bitVector-low,0.980352356681801,1,0.91577548109342
LGF-Leipzig-100-80000-1-greedy-bitVector-high,0.976681907826107,1,0.953689192010592
LGF-Leipzig-100-80000-1-greedy-bitVector-low,0.990242213226465,1,0.971293224234224
LGF-Leipzig-100-80000-1-gsr-bitVector-high,0.981906924954691,1,0.936991447794306
LGF-Leipzig-100-80000-1-gsr-bitVector-low,0.985512741114175,1,0.942700871406126
LGF-Leipzig-100-80000-1-random1-bitVector-high,0.965054035521222,1,0.892216919778135
LGF-Leipzig-100-80000-1-random1-bitVector-low,0.9803033986314,1,0.908351588946133
LGF-Leipzig-100-80000-1-random2-bitVector-high,0.96181606211633,1,0.878603812699562
LGF-Leipzig-100-80000-1-random2-bitVector-low,0.980455788710692,1,0.909038433577261
LGF-Leipzig-100-80000-2-ea-bitVector-high,0.989623363081709,1,0.942286772904279
LGF-Leipzig-100-80000-2-ea-bitVector-low,0.985090048753044,1,0.947072528943219
LGF-Leipzig-100-80000-2-greedy-bitVector-high,0.988423050471881,1,0.935256713985368
LGF-Leipzig-100-80000-2-greedy-bitVector-low,0.990025542885543,1,0.929185465436481
LGF-Leipzig-100-80000-2-gsr-bitVector-high,0.988740351256558,1,0.933520000821865
LGF-Leipzig-100-80000-2-gsr-bitVector-low,0.984964785322394,1,0.943134833888459
LGF-Leipzig-100-80000-2-random1-bitVector-high,0.98264899491419,1,0.921556675759925
LGF-Leipzig-100-80000-2-random1-bitVector-low,0.986814108409389,1,0.922907715267463
LGF-Leipzig-100-80000-2-random2-bitVector-high,0.983006879637401,1,0.914905181558362
LGF-Leipzig-100-80000-2-random2-bitVector-low,0.974870047930707,1,0.911224580382773
LGF-Leipzig-100-80000-3-ea-bitVector-high,0.980836707695751,1,0.935388977673404
LGF-Leipzig-100-80000-3-ea-bitVector-low,0.97328631424787,1,0.95529848186502
LGF-Leipzig-100-80000-3-greedy-bitVector-high,0.980007832327376,1,0.922271072147599
LGF-Leipzig-100-80000-3-greedy-bitVector-low,0.981541066016115,1,0.923087950512244
LGF-Leipzig-100-80000-3-gsr-bitVector-high,0.977778082287778,1,0.944678104863303
LGF-Leipzig-100-80000-3-gsr-bitVector-low,0.985897749664509,1,0.960078942849091
LGF-Leipzig-100-80000-3-random1-bitVector-high,0.97048885843166,1,0.891721775623395
LGF-Leipzig-100-80000-3-random1-bitVector-low,0.972589941923956,1,0.915196565075325
LGF-Leipzig-100-80000-3-random2-bitVector-high,0.966843725715182,1,0.884017939951704
LGF-Leipzig-100-80000-3-random2-bitVector-low,0.968207151492914,1,0.905117742460628
LGF-Leipzig-150-80000-1-ea-bitVector-high,0.971539553812162,1,0.878236271000407
LGF-Leipzig-150-80000-1-ea-bitVector-low,0.965982628993616,1,0.870458597473083
LGF-Leipzig-150-80000-1-greedy-bitVector-high,0.954286646985419,1,0.838176638625981
LGF-Leipzig-150-80000-1-greedy-bitVector-low,0.954699820983028,1,0.802516564129624
LGF-Leipzig-150-80000-1-gsr-bitVector-high,0.965003035521084,1,0.879701513430711
LGF-Leipzig-150-80000-1-gsr-bitVector-low,0.955640171009049,1,0.870006872049923
LGF-Leipzig-150-80000-1-random1-bitVector-high,0.946804428691404,1,0.831457184934304
LGF-Leipzig-150-80000-1-random1-bitVector-low,0.961583285386863,1,0.821715978016949
LGF-Leipzig-150-80000-1-random2-bitVector-high,0.963127983955675,1,0.785061162746906
LGF-Leipzig-150-80000-1-random2-bitVector-low,0.960976614497629,1,0.816295604962636
LGF-Leipzig-150-80000-2-ea-bitVector-high,0.953397028056525,1,0.954587103059847
LGF-Leipzig-150-80000-2-ea-bitVector-low,0.936663126450373,1,0.975145244178947
LGF-Leipzig-150-80000-2-greedy-bitVector-high,0.943455405362807,1,0.923719603754311
LGF-Leipzig-150-80000-2-greedy-bitVector-low,0.944196931042205,1,0.936850658152102
LGF-Leipzig-150-80000-2-gsr-bitVector-high,0.948407845717106,1,0.835654763543933
LGF-Leipzig-150-80000-2-gsr-bitVector-low,0.943119450263183,1,0.867534475117451
LGF-Leipzig-150-80000-2-random1-bitVector-high,0.943689087556258,1,0.859162065882972
LGF-Leipzig-150-80000-2-random1-bitVector-low,0.937729925332288,1,0.836998209905401
LGF-Leipzig-150-80000-2-random2-bitVector-high,0.948217162256666,1,0.866983416959159
LGF-Leipzig-150-80000-2-random2-bitVector-low,0.938947882038785,1,0.845893285077946
LGF-Leipzig-150-80000-3-ea-bitVector-high,0.956211745690075,1,0.900980884548342
LGF-Leipzig-150-80000-3-ea-bitVector-low,0.960469826948621,1,0.962929526643369
LGF-Leipzig-150-80000-3-greedy-bitVector-high,0.983754409672675,1,0.935971628531444
LGF-Leipzig-150-80000-3-greedy-bitVector-low,0.993750799396808,1,0.966472136175869
LGF-Leipzig-150-80000-3-gsr-bitVector-high,0.946640014548503,1,0.83130359755128
LGF-Leipzig-150-80000-3-gsr-bitVector-low,0.964277880858031,1,0.907119524896955
LGF-Leipzig-150-80000-3-random1-bitVector-high,0.945310965926637,1,0.804381585282297
LGF-Leipzig-150-80000-3-random1-bitVector-low,0.962587197521195,1,0.799519452454116
LGF-Leipzig-150-80000-3-random2-bitVector-high,0.939115346776999,1,0.816832700202004
LGF-Leipzig-150-80000-3-random2-bitVector-low,0.961018668088456,1,0.862994311447967
LGF-Leipzig-50-80000-1-ea-bitVector-high,1,0.999533904953322,0.999920994093944
LGF-Leipzig-50-80000-1-ea-bitVector-low,1,0.999273298910874,0.996552066407579
LGF-Leipzig-50-80000-1-greedy-bitVector-high,1,0.999826818357411,0.997254497645622
LGF-Leipzig-50-80000-1-greedy-bitVector-low,1,0.999808410548499,0.996737092267178
LGF-Leipzig-50-80000-1-gsr-bitVector-high,1,0.999609511063474,0.999917237639007
LGF-Leipzig-50-80000-1-gsr-bitVector-low,0.999833590837734,0.999240103144544,1
LGF-Leipzig-50-80000-1-random1-bitVector-high,0.999736390020792,1,0.997859015311911
LGF-Leipzig-50-80000-1-random1-bitVector-low,0.999983046211596,0.999386277276356,1
LGF-Leipzig-50-80000-1-random2-bitVector-high,0.999736439858812,1,0.991296038824651
LGF-Leipzig-50-80000-1-random2-bitVector-low,1,0.999485703823589,0.98931815496144
LGF-Leipzig-50-80000-2-ea-bitVector-high,1,0.999171510120433,0.994688417766268
LGF-Leipzig-50-80000-2-ea-bitVector-low,1,0.999658744437477,0.993088186326879
LGF-Leipzig-50-80000-2-greedy-bitVector-high,0.999980505337379,1,0.986950684434723
LGF-Leipzig-50-80000-2-greedy-bitVector-low,1,0.999904741581399,0.988536700158274
LGF-Leipzig-50-80000-2-gsr-bitVector-high,1,0.999424216608126,0.995632063250924
LGF-Leipzig-50-80000-2-gsr-bitVector-low,0.999963597418103,0.999461265538562,1
LGF-Leipzig-50-80000-2-random1-bitVector-high,0.999646774321812,1,0.990875814638298
LGF-Leipzig-50-80000-2-random1-bitVector-low,1,0.999475811342636,0.994147764497687
LGF-Leipzig-50-80000-2-random2-bitVector-high,0.999611695788193,1,0.997156763648749
LGF-Leipzig-50-80000-2-random2-bitVector-low,1,0.999600461079978,0.999992548372842
LGF-Leipzig-50-80000-3-ea-bitVector-high,0.997192856622289,1,0.995703030093409
LGF-Leipzig-50-80000-3-ea-bitVector-low,0.997581604142412,1,0.986436142350795
LGF-Leipzig-50-80000-3-greedy-bitVector-high,0.998563261710516,1,0.971951370187064
LGF-Leipzig-50-80000-3-greedy-bitVector-low,0.999643574708404,1,0.979388006534155
LGF-Leipzig-50-80000-3-gsr-bitVector-high,0.997204175103911,1,0.979807096329407
LGF-Leipzig-50-80000-3-gsr-bitVector-low,0.999076679760966,1,0.994210699630043
LGF-Leipzig-50-80000-3-random1-bitVector-high,0.995180604059067,1,0.986711074754024
LGF-Leipzig-50-80000-3-random1-bitVector-low,0.996634231594778,1,0.992359019779174
LGF-Leipzig-50-80000-3-random2-bitVector-high,0.996253386952565,1,0.97843217776214
LGF-Leipzig-50-80000-3-random2-bitVector-low,0.998269988161219,1,0.990092349227457
LGF-Berlin-100-80000-1-ea-bitVector-none,0.897445918440724,1,0.935180292707938
LGF-Berlin-100-80000-1-greedy-bitVector-none,0.884932046977241,1,0.917508190975688
LGF-Berlin-100-80000-1-gsr-bitVector-none,0.887753124999999,1,0.773437499999997
LGF-Berlin-100-80000-1-random1-bitVector-none,0.886066375594982,1,0.828832348335921
LGF-Berlin-100-80000-1-random2-bitVector-none,0.899918749999998,1,0.880096874999997
LGF-Berlin-100-80000-2-ea-bitVector-none,0.988119159562222,1,0.980575118515772
LGF-Berlin-100-80000-2-greedy-bitVector-none,0.912204598472377,1,0.906649606391361
LGF-Berlin-100-80000-2-gsr-bitVector-none,0.922126303739258,1,0.708155805998518
LGF-Berlin-100-80000-2-random1-bitVector-none,0.88823922290053,1,0.865566010100417
LGF-Berlin-100-80000-2-random2-bitVector-none,0.918668613138686,1,0.890082725060827
LGF-Berlin-100-80000-3-ea-bitVector-none,0.954135338345865,1,0.986893233082706
LGF-Berlin-100-80000-3-greedy-bitVector-none,0.885663157894737,1,0.969768421052632
LGF-Berlin-100-80000-3-gsr-bitVector-none,0.989864661654134,1,1
LGF-Berlin-100-80000-3-random1-bitVector-none,0.878538345864662,1,0.906159398496241
LGF-Berlin-100-80000-3-random2-bitVector-none,0.882309774436089,1,0.910093233082707
LGF-Berlin-150-80000-1-ea-bitVector-none,0.899936331516291,1,0.903353599823928
LGF-Berlin-150-80000-1-greedy-bitVector-none,0.908339274397972,1,0.923750396070975
LGF-Berlin-150-80000-1-gsr-bitVector-none,0.923059732019036,1,0.888437708892459
LGF-Berlin-150-80000-1-random1-bitVector-none,0.893037456133217,1,0.791089959391608
LGF-Berlin-150-80000-1-random2-bitVector-none,0.903858217699906,1,0.840435731222801
LGF-Berlin-150-80000-2-ea-bitVector-none,0.993417443773997,0.979997805814591,1
LGF-Berlin-150-80000-2-greedy-bitVector-none,0.921068553284137,1,0.994720385802674
LGF-Berlin-150-80000-2-gsr-bitVector-none,0.963396742787923,1,0.90851989770739
LGF-Berlin-150-80000-2-random1-bitVector-none,0.944715490623288,1,0.883257811699394
LGF-Berlin-150-80000-2-random2-bitVector-none,0.990837937282786,1,0.820158755857976
LGF-Berlin-150-80000-3-ea-bitVector-none,0.987949429053622,1,0.966813063174206
LGF-Berlin-150-80000-3-greedy-bitVector-none,0.957017814971549,1,0.891909562075031
LGF-Berlin-150-80000-3-gsr-bitVector-none,0.989928431759731,0.988693566564242,1
LGF-Berlin-150-80000-3-random1-bitVector-none,0.942448643115559,1,0.909886151417833
LGF-Berlin-150-80000-3-random2-bitVector-none,0.946066494966051,1,0.810364473581518
LGF-Berlin-50-80000-1-ea-bitVector-none,1,1,0.970149253731342
LGF-Berlin-50-80000-1-greedy-bitVector-none,0.983874626865671,1,1
LGF-Berlin-50-80000-1-gsr-bitVector-none,0.985074626865671,1,0.970149253731342
LGF-Berlin-50-80000-1-random1-bitVector-none,0.974740298507461,1,0.988059701492538
LGF-Berlin-50-80000-1-random2-bitVector-none,0.994029850746267,1,0.99220895522388
LGF-Berlin-50-80000-2-ea-bitVector-none,0.915662650602409,1,0.915662650602409
LGF-Berlin-50-80000-2-greedy-bitVector-none,0.927710843373492,1,0.996385542168672
LGF-Berlin-50-80000-2-gsr-bitVector-none,1,1,1
LGF-Berlin-50-80000-2-random1-bitVector-none,0.924096385542168,1,1
LGF-Berlin-50-80000-2-random2-bitVector-none,0.885542168674697,1,0.986746987951807
LGF-Berlin-50-80000-3-ea-bitVector-none,1,1,0.989361702127659
LGF-Berlin-50-80000-3-greedy-bitVector-none,0.984748936170211,1,0.978723404255318
LGF-Berlin-50-80000-3-gsr-bitVector-none,0.966021276595743,1,1
LGF-Berlin-50-80000-3-random1-bitVector-none,0.965357446808509,1,0.925255319148936
LGF-Berlin-50-80000-3-random2-bitVector-none,0.956825531914893,1,0.982587234042552
LGF-brazil58-gen4-45.oplib-11428-ea-bitVector-none,0.984997886455442,1,0.993363307974851
LGF-brazil58-gen4-45.oplib-11428-greedy-bitVector-none,0.981504351648993,1,0.973365342108992
LGF-brazil58-gen4-45.oplib-11428-gsr-bitVector-none,0.991787086368413,1,0.991788911370207
LGF-brazil58-gen4-45.oplib-11428-random1-bitVector-none,0.986520133765855,1,0.969259663499457
LGF-brazil58-gen4-45.oplib-11428-random2-bitVector-none,0.978469123784468,1,0.954942537020461
LGF-gr120-gen4-85.oplib-5901-ea-bitVector-none,0.994089641573537,1,0.963350680338146
LGF-gr120-gen4-85.oplib-5901-greedy-bitVector-none,0.993035468029417,1,0.955262338410408
LGF-gr120-gen4-85.oplib-5901-gsr-bitVector-none,0.998081386883196,1,0.976096721164555
LGF-gr120-gen4-85.oplib-5901-random1-bitVector-none,0.990411257287489,1,0.960613137144015
LGF-gr120-gen4-85.oplib-5901-random2-bitVector-none,0.989130347740159,1,0.955947258960133
LGF-gr48-gen4-80.oplib-4037-ea-bitVector-none,0.99586074209803,1,0.972530279431974
LGF-gr48-gen4-80.oplib-4037-greedy-bitVector-none,0.993341966116327,1,0.976950469407576
LGF-gr48-gen4-80.oplib-4037-gsr-bitVector-none,0.995064720624013,1,0.942755518780972
LGF-gr48-gen4-80.oplib-4037-random1-bitVector-none,0.993439407786511,1,0.98729062328642
LGF-gr48-gen4-80.oplib-4037-random2-bitVector-none,0.993488117001828,1,0.979466727605119
LGF-hk48-gen4-80.oplib-9169-ea-bitVector-none,0.9952686638136,1,0.990679220161674
LGF-hk48-gen4-80.oplib-9169-greedy-bitVector-none,0.994905563480742,1,0.975946742748455
LGF-hk48-gen4-80.oplib-9169-gsr-bitVector-none,1,1,0.991916310033286
LGF-hk48-gen4-80.oplib-9169-random1-bitVector-none,0.992962434617214,1,0.985089871611983
LGF-hk48-gen4-80.oplib-9169-random2-bitVector-none,0.992835758440323,1,0.987964241559677
LGF-Leipzig-100-80000-1-ea-bitVector-none,0.974975555694664,1,0.918556600138775
LGF-Leipzig-100-80000-1-greedy-bitVector-none,0.979717111023244,1,0.965643269692434
LGF-Leipzig-100-80000-1-gsr-bitVector-none,0.980447191009254,1,0.935742203177387
LGF-Leipzig-100-80000-1-random1-bitVector-none,0.975199242978102,1,0.925027140434441
LGF-Leipzig-100-80000-1-random2-bitVector-none,0.977116290889134,1,0.893929353882642
LGF-Leipzig-100-80000-2-ea-bitVector-none,0.984817009784114,1,0.93192649999482
LGF-Leipzig-100-80000-2-greedy-bitVector-none,0.9819053614702,1,0.918220547271833
LGF-Leipzig-100-80000-2-gsr-bitVector-none,0.985007774385771,1,0.951505435167145
LGF-Leipzig-100-80000-2-random1-bitVector-none,0.982929858035031,1,0.890072289863627
LGF-Leipzig-100-80000-2-random2-bitVector-none,0.981863046756123,1,0.905439100868354
LGF-Leipzig-100-80000-3-ea-bitVector-none,0.983290304073437,1,0.961871857176606
LGF-Leipzig-100-80000-3-greedy-bitVector-none,0.979902319758599,1,0.904420833855309
LGF-Leipzig-100-80000-3-gsr-bitVector-none,0.982589371362793,1,0.954947442469447
LGF-Leipzig-100-80000-3-random1-bitVector-none,0.980694895934479,1,0.910833790686875
LGF-Leipzig-100-80000-3-random2-bitVector-none,0.970579530181365,1,0.879064923914602
LGF-Leipzig-150-80000-1-ea-bitVector-none,0.971485073440997,1,0.907413292826818
LGF-Leipzig-150-80000-1-greedy-bitVector-none,0.961492284034441,1,0.807301587896201
LGF-Leipzig-150-80000-1-gsr-bitVector-none,0.957198665735784,1,0.875382204638895
LGF-Leipzig-150-80000-1-random1-bitVector-none,0.951940040736024,1,0.794461486617076
LGF-Leipzig-150-80000-1-random2-bitVector-none,0.955525340838486,1,0.841632821108366
LGF-Leipzig-150-80000-2-ea-bitVector-none,0.94996953521332,1,0.993589149237718
LGF-Leipzig-150-80000-2-greedy-bitVector-none,0.953181841131156,1,0.970286828070567
LGF-Leipzig-150-80000-2-gsr-bitVector-none,0.954268882359331,1,0.80522893047434
LGF-Leipzig-150-80000-2-random1-bitVector-none,0.946641731841758,1,0.782010147862981
LGF-Leipzig-150-80000-2-random2-bitVector-none,0.953587000421175,1,0.843568044254565
LGF-Leipzig-150-80000-3-ea-bitVector-none,0.960708946818749,1,0.962029092348754
LGF-Leipzig-150-80000-3-greedy-bitVector-none,0.984092599001504,1,0.938325583626588
LGF-Leipzig-150-80000-3-gsr-bitVector-none,0.953191416590851,1,0.882523308867288
LGF-Leipzig-150-80000-3-random1-bitVector-none,0.949921113205464,1,0.799967636186857
LGF-Leipzig-150-80000-3-random2-bitVector-none,0.960473925511273,1,0.853282277589849
LGF-Leipzig-50-80000-1-ea-bitVector-none,1,1,1
LGF-Leipzig-50-80000-1-greedy-bitVector-none,1,1,0.989051094890511
LGF-Leipzig-50-80000-1-gsr-bitVector-none,1,1,0.996350364963504
LGF-Leipzig-50-80000-1-random1-bitVector-none,1,1,0.996350364963504
LGF-Leipzig-50-80000-1-random2-bitVector-none,1,1,0.992414598540146
LGF-Leipzig-50-80000-2-ea-bitVector-none,1,1,0.985611510791367
LGF-Leipzig-50-80000-2-greedy-bitVector-none,1,1,0.989208633093525
LGF-Leipzig-50-80000-2-gsr-bitVector-none,1,1,0.985611510791367
LGF-Leipzig-50-80000-2-random1-bitVector-none,1,1,0.995889208633094
LGF-Leipzig-50-80000-2-random2-bitVector-none,1,1,0.994651798561151
LGF-Leipzig-50-80000-3-ea-bitVector-none,0.999225563909774,1,0.988721804511278
LGF-Leipzig-50-80000-3-greedy-bitVector-none,0.99812030075188,1,0.983724812030075
LGF-Leipzig-50-80000-3-gsr-bitVector-none,0.998872180451127,1,0.996240601503759
LGF-Leipzig-50-80000-3-random1-bitVector-none,0.997368421052632,1,0.993112781954887
LGF-Leipzig-50-80000-3-random2-bitVector-none,0.994959398496241,1,0.991436090225564
